period,month_num,revenue,cogs,operating_expenses,ebitda,net_profit,gross_margin_pct,headcount
2024-01-31,1,1871310.33,493957.28,838496.31,538856.74,420308.26,73.6,140
2024-02-29,2,1908466.65,550920.96,772680.66,584865.03,456194.72,71.13,143
2024-03-31,3,1999758.8,599395.56,860041.39,540321.85,421451.04,70.03,147
2024-04-30,4,2009263.9,560464.29,781136.68,667662.93,520777.09,72.11,150
2024-05-31,5,2107761.61,553050.99,889133.44,665577.18,519150.2,73.76,154
2024-06-30,6,2187036.24,685526.35,899818.1,601691.79,469319.6,68.66,157
2024-07-31,7,2196982.71,581361.5,938009.57,677611.64,528537.08,73.54,161
2024-08-31,8,2292659.8,629746.2,938823.7,724089.9,564790.12,72.53,164
2024-09-30,9,2350111.17,734708.74,933047.24,682355.19,532237.05,68.74,168
2024-10-31,10,2373613.34,644553.73,918900.52,810159.09,631924.09,72.85,171
2024-11-30,11,2469134.38,763531.54,1069635.05,635967.79,496054.88,69.08,175
2024-12-31,12,2428913.06,754478.03,997464.93,676970.1,528036.68,68.94,178
2025-01-31,13,2517005.86,736950.58,972557.79,807497.49,629848.04,70.72,182
2025-02-28,14,2618487.77,772312.77,1029226.22,816948.78,637220.05,70.51,185
2025-03-31,15,2610893.77,707695.6,1002557.54,900640.63,702499.69,72.89,189
2025-04-30,16,2710745.63,841472.07,1033403.66,835869.9,651978.52,68.96,192
2025-05-31,17,2706439.52,796684.36,1183701.1,726054.06,566322.17,70.56,196
2025-06-30,18,2792768.02,784703.2,1177833.87,830230.95,647580.14,71.9,199
2025-07-31,19,2842437.63,743571.74,1226415.18,872450.71,680511.55,73.84,203
2025-08-31,20,2936947.14,865945.24,1268520.01,802481.89,625935.87,70.52,206
2025-09-30,21,2997950.62,816500.6,1213191.69,968258.33,755241.5,72.76,210
2025-10-31,22,2992498.23,801365.35,1278795.35,912337.53,711623.27,73.22,213
2025-11-30,23,3129304.61,994380.21,1326776.02,808148.38,630355.74,68.22,217
2025-12-31,24,3109935.25,828297.11,1358729.37,922908.77,719868.84,73.37,220
